Image # ,Actual Class,VGG16Predicted Class,VGG19Predicted Class,RESNET50Predicted Class,INCEPTIONV3Predicted Class,RESNETV2Predicted Class,MOBILENETPredicted Class,XCEPTIONPredicted Class,Majority Voting,,,,,,,,,,,,,,,,,,,,,,,,,,,,,,
1520.jpg,Cats,Cats,Cats,Cats,Cats,Cats,Cats,Cats,Cats,,,,,,,,,,,,,,,,,,,,,,,,,,,,,,
1521.jpg,Cats,Cats,Cats,Cats,Cats,Cats,Cats,Cats,Cats,,,,,,,,,,,,,,,,,,,,,,,,,,,,,,
1522.jpg,Cats,Cats,Cats,Cats,Cats,Cats,Cats,Cats,Cats,,,,,,,,,,,,,,,,,,,,,,,,,,,,,,
1526.jpg,Cats,Dogs,Cats,Cats,Cats,Cats,Cats,Cats,Cats,,,,,,,,,,,,,,,,,,,,,,,,,,,,,,
1527.jpg,Cats,Dogs,Cats,Cats,Cats,Cats,Cats,Cats,Cats,,,,,,,,,,,,,,,,,,,,,,,,,,,,,,
1528.jpg,Cats,Cats,Cats,Cats,Cats,Cats,Cats,Cats,Cats,,,,,,,,,,,,,,,,,,,,,,,,,,,,,,
1529.jpg,Cats,Cats,Cats,Cats,Cats,Cats,Cats,Cats,Cats,,,,,,,,,,,,,,,,,,,,,,,,,,,,,,
1530.jpg,Cats,Cats,Cats,Cats,Cats,Cats,Cats,Cats,Cats,,,,,,,,,,,,,,,,,,,,,,,,,,,,,,
1531.jpg,Cats,Cats,Cats,Cats,Dogs,Cats,Dogs,Cats,Cats,,,,,,,,,,,,,,,,,,,,,,,,,,,,,,
1532.jpg,Cats,Cats,Cats,Cats,Cats,Cats,Cats,Cats,Cats,,,,,,,,,,,,,,,,,,,,,,,,,,,,,,
1533.jpg,Cats,Cats,Cats,Cats,Cats,Cats,Cats,Cats,Cats,,,,,,,,,,,,,,,,,,,,,,,,,,,,,,
1534.jpg,Cats,Cats,Dogs,Cats,Cats,Cats,Cats,Cats,Cats,,,,,,,,,,,,,,,,,,,,,,,,,,,,,,
1535.jpg,Cats,Cats,Dogs,Cats,Cats,Cats,Cats,Cats,Cats,,,,,,,,,,,,,,,,,,,,,,,,,,,,,,
1536.jpg,Cats,Cats,Cats,Cats,Cats,Cats,Cats,Cats,Cats,,,,,,,,,,,,,,,,,,,,,,,,,,,,,,
1537.jpg,Cats,Cats,Cats,Cats,Cats,Cats,Cats,Cats,Cats,,,,,,,,,,,,,,,,,,,,,,,,,,,,,,
1538.jpg,Cats,Cats,Cats,Cats,Cats,Cats,Cats,Cats,Cats,,,,,,,,,,,,,,,,,,,,,,,,,,,,,,
1539.jpg,Cats,Cats,Cats,Cats,Cats,Cats,Cats,Cats,Cats,,,,,,,,,,,,,,,,,,,,,,,,,,,,,,
1540.jpg,Cats,Cats,Cats,Cats,Cats,Cats,Cats,Cats,Cats,,,,,,,,,,,,,,,,,,,,,,,,,,,,,,
1541.jpg,Cats,Cats,Cats,Cats,Cats,Cats,Cats,Cats,Cats,,,,,,,,,,,,,,,,,,,,,,,,,,,,,,
1542.jpg,Cats,Cats,Cats,Cats,Cats,Cats,Cats,Cats,Cats,,,,,,,,,,,,,,,,,,,,,,,,,,,,,,
1543.jpg,Cats,Cats,Cats,Cats,Cats,Cats,Cats,Cats,Cats,,,,,,,,,,,,,,,,,,,,,,,,,,,,,,
1544.jpg,Cats,Cats,Cats,Cats,Cats,Cats,Cats,Cats,Cats,,,,,,,,,,,,,,,,,,,,,,,,,,,,,,
1545.jpg,Cats,Cats,Dogs,Cats,Cats,Cats,Cats,Cats,Cats,,,,,,,,,,,,,,,,,,,,,,,,,,,,,,
1546.jpg,Cats,Cats,Dogs,Cats,Cats,Cats,Cats,Cats,Cats,,,,,,,,,,,,,,,,,,,,,,,,,,,,,,
1547.jpg,Cats,Cats,Cats,Cats,Cats,Cats,Cats,Cats,Cats,,,,,,,,,,,,,,,,,,,,,,,,,,,,,,
1548.jpg,Cats,Cats,Cats,Cats,Cats,Cats,Cats,Cats,Cats,,,,,,,,,,,,,,,,,,,,,,,,,,,,,,
1549.jpg,Cats,Cats,Cats,Cats,Cats,Cats,Cats,Cats,Cats,,,,,,,,,,,,,,,,,,,,,,,,,,,,,,
1550.jpg,Cats,Cats,Dogs,Cats,Cats,Cats,Cats,Cats,Cats,,,,,,,,,,,,,,,,,,,,,,,,,,,,,,
1551.jpg,Cats,Cats,Dogs,Cats,Cats,Cats,Cats,Cats,Cats,,,,,,,,,,,,,,,,,,,,,,,,,,,,,,
1552.jpg,Cats,Cats,Cats,Cats,Cats,Cats,Cats,Cats,Cats,,,,,,,,,,,,,,,,,,,,,,,,,,,,,,
1553.jpg,Cats,Cats,Cats,Cats,Cats,Cats,Cats,Cats,Cats,,,,,,,,,,,,,,,,,,,,,,,,,,,,,,
1554.jpg,Cats,Cats,Cats,Cats,Cats,Cats,Cats,Cats,Cats,,,,,,,,,,,,,,,,,,,,,,,,,,,,,,
1555.jpg,Cats,Cats,Cats,Cats,Cats,Cats,Cats,Cats,Cats,,,,,,,,,,,,,,,,,,,,,,,,,,,,,,
1556.jpg,Cats,Dogs,Cats,Cats,Cats,Cats,Cats,Cats,Cats,,,,,,,,,,,,,,,,,,,,,,,,,,,,,,
1557.jpg,Cats,Dogs,Cats,Cats,Cats,Cats,Cats,Cats,Cats,,,,,,,,,,,,,,,,,,,,,,,,,,,,,,
1558.jpg,Cats,Dogs,Dogs,Cats,Cats,Cats,Cats,Cats,Cats,,,,,,,,,,,,,,,,,,,,,,,,,,,,,,
1559.jpg,Cats,Cats,Dogs,Cats,Cats,Cats,Cats,Cats,Cats,,,,,,,,,,,,,,,,,,,,,,,,,,,,,,
1560.jpg,Cats,Cats,Cats,Cats,Cats,Cats,Cats,Cats,Cats,,,,,,,,,,,,,,,,,,,,,,,,,,,,,,
1561.jpg,Cats,Cats,Cats,Cats,Cats,Cats,Cats,Cats,Cats,,,,,,,,,,,,,,,,,,,,,,,,,,,,,,
1562.jpg,Cats,Cats,Cats,Cats,Cats,Cats,Cats,Cats,Cats,,,,,,,,,,,,,,,,,,,,,,,,,,,,,,
1563.jpg,Cats,Cats,Cats,Cats,Cats,Cats,Cats,Cats,Cats,,,,,,,,,,,,,,,,,,,,,,,,,,,,,,
1564.jpg,Cats,Cats,Cats,Cats,Cats,Cats,Cats,Cats,Cats,,,,,,,,,,,,,,,,,,,,,,,,,,,,,,
1565.jpg,Cats,Cats,Cats,Cats,Cats,Cats,Cats,Cats,Cats,,,,,,,,,,,,,,,,,,,,,,,,,,,,,,
1566.jpg,Cats,Cats,Cats,Cats,Cats,Cats,Cats,Cats,Cats,,,,,,,,,,,,,,,,,,,,,,,,,,,,,,
1567.jpg,Cats,Cats,Cats,Cats,Cats,Cats,Cats,Cats,Cats,,,,,,,,,,,,,,,,,,,,,,,,,,,,,,
1568.jpg,Cats,Cats,Cats,Cats,Cats,Cats,Cats,Cats,Cats,,,,,,,,,,,,,,,,,,,,,,,,,,,,,,
1569.jpg,Cats,Cats,Cats,Cats,Cats,Cats,Cats,Cats,Cats,,,,,,,,,,,,,,,,,,,,,,,,,,,,,,
1570.jpg,Cats,Dogs,Dogs,Cats,Cats,Cats,Cats,Cats,Cats,,,,,,,,,,,,,,,,,,,,,,,,,,,,,,
1571.jpg,Cats,Dogs,Dogs,Cats,Cats,Cats,Cats,Cats,Cats,,,,,,,,,,,,,,,,,,,,,,,,,,,,,,
1572.jpg,Cats,Dogs,Cats,Cats,Cats,Cats,Cats,Cats,Cats,,,,,,,,,,,,,,,,,,,,,,,,,,,,,,
1573.jpg,Cats,Cats,Dogs,Cats,Cats,Cats,Cats,Cats,Cats,,,,,,,,,,,,,,,,,,,,,,,,,,,,,,
1574.jpg,Cats,Cats,Cats,Cats,Cats,Cats,Cats,Cats,Cats,,,,,,,,,,,,,,,,,,,,,,,,,,,,,,
1575.jpg,Cats,Cats,Cats,Cats,Cats,Cats,Cats,Cats,Cats,,,,,,,,,,,,,,,,,,,,,,,,,,,,,,
1576.jpg,Cats,Cats,Cats,Cats,Cats,Cats,Cats,Cats,Cats,,,,,,,,,,,,,,,,,,,,,,,,,,,,,,
1577.jpg,Cats,Cats,Cats,Cats,Cats,Cats,Cats,Cats,Cats,,,,,,,,,,,,,,,,,,,,,,,,,,,,,,
1578.jpg,Cats,Cats,Cats,Cats,Cats,Cats,Cats,Cats,Cats,,,,,,,,,,,,,,,,,,,,,,,,,,,,,,
1579.jpg,Cats,Cats,Cats,Cats,Cats,Cats,Cats,Cats,Cats,,,,,,,,,,,,,,,,,,,,,,,,,,,,,,
1580.jpg,Cats,Dogs,Dogs,Dogs,Dogs,Dogs,Dogs,Dogs,Dogs,,,,,,,,,,,,,,,,,,,,,,,,,,,,,,
1581.jpg,Cats,Dogs,Dogs,Dogs,Dogs,Dogs,Dogs,Dogs,Dogs,,,,,,,,,,,,,,,,,,,,,,,,,,,,,,
1582.jpg,Cats,Cats,Cats,Cats,Cats,Cats,Cats,Cats,Cats,,,,,,,,,,,,,,,,,,,,,,,,,,,,,,
1583.jpg,Cats,Cats,Cats,Cats,Cats,Cats,Cats,Cats,Cats,,,,,,,,,,,,,,,,,,,,,,,,,,,,,,
1584.jpg,Cats,Cats,Cats,Cats,Cats,Cats,Cats,Cats,Cats,,,,,,,,,,,,,,,,,,,,,,,,,,,,,,
1585.jpg,Cats,Dogs,Cats,Cats,Cats,Cats,Cats,Cats,Cats,,,,,,,,,,,,,,,,,,,,,,,,,,,,,,
1586.jpg,Cats,Cats,Cats,Cats,Cats,Cats,Cats,Cats,Cats,,,,,,,,,,,,,,,,,,,,,,,,,,,,,,
1587.jpg,Cats,Cats,Cats,Cats,Cats,Cats,Cats,Cats,Cats,,,,,,,,,,,,,,,,,,,,,,,,,,,,,,
1588.jpg,Cats,Dogs,Cats,Cats,Cats,Cats,Cats,Cats,Cats,,,,,,,,,,,,,,,,,,,,,,,,,,,,,,
1589.jpg,Cats,Dogs,Dogs,Cats,Cats,Cats,Cats,Cats,Cats,,,,,,,,,,,,,,,,,,,,,,,,,,,,,,
1590.jpg,Cats,Cats,Cats,Cats,Cats,Cats,Cats,Cats,Cats,,,,,,,,,,,,,,,,,,,,,,,,,,,,,,
1591.jpg,Cats,Cats,Cats,Cats,Cats,Cats,Cats,Cats,Cats,,,,,,,,,,,,,,,,,,,,,,,,,,,,,,
1592.jpg,Cats,Cats,Cats,Cats,Cats,Cats,Cats,Cats,Cats,,,,,,,,,,,,,,,,,,,,,,,,,,,,,,
1593.jpg,Cats,Cats,Cats,Cats,Cats,Cats,Cats,Cats,Cats,,,,,,,,,,,,,,,,,,,,,,,,,,,,,,
1594.jpg,Cats,Dogs,Dogs,Cats,Cats,Cats,Cats,Cats,Cats,,,,,,,,,,,,,,,,,,,,,,,,,,,,,,
1595.jpg,Cats,Cats,Cats,Cats,Cats,Cats,Cats,Cats,Cats,,,,,,,,,,,,,,,,,,,,,,,,,,,,,,
1596.jpg,Cats,Cats,Cats,Cats,Cats,Cats,Cats,Cats,Cats,,,,,,,,,,,,,,,,,,,,,,,,,,,,,,
1597.jpg,Cats,Cats,Cats,Cats,Cats,Cats,Cats,Cats,Cats,,,,,,,,,,,,,,,,,,,,,,,,,,,,,,
1598.jpg,Cats,Dogs,Dogs,Cats,Cats,Cats,Cats,Cats,Cats,,,,,,,,,,,,,,,,,,,,,,,,,,,,,,
1599.jpg,Cats,Dogs,Cats,Cats,Cats,Cats,Cats,Cats,Cats,,,,,,,,,,,,,,,,,,,,,,,,,,,,,,
1600.jpg,Cats,Cats,Cats,Cats,Cats,Cats,Cats,Cats,Cats,,,,,,,,,,,,,,,,,,,,,,,,,,,,,,
1601.jpg,Cats,Cats,Cats,Cats,Cats,Cats,Cats,Cats,Cats,,,,,,,,,,,,,,,,,,,,,,,,,,,,,,
1602.jpg,Cats,Cats,Cats,Cats,Cats,Cats,Cats,Cats,Cats,,,,,,,,,,,,,,,,,,,,,,,,,,,,,,
1603.jpg,Cats,Cats,Cats,Cats,Cats,Cats,Cats,Cats,Cats,,,,,,,,,,,,,,,,,,,,,,,,,,,,,,
1604.jpg,Cats,Cats,Cats,Cats,Cats,Cats,Cats,Cats,Cats,,,,,,,,,,,,,,,,,,,,,,,,,,,,,,
1605.jpg,Cats,Dogs,Cats,Cats,Cats,Cats,Cats,Cats,Cats,,,,,,,,,,,,,,,,,,,,,,,,,,,,,,
1606.jpg,Cats,Cats,Cats,Cats,Cats,Cats,Cats,Cats,Cats,,,,,,,,,,,,,,,,,,,,,,,,,,,,,,
1607.jpg,Cats,Cats,Cats,Cats,Cats,Cats,Cats,Cats,Cats,,,,,,,,,,,,,,,,,,,,,,,,,,,,,,
1608.jpg,Cats,Cats,Cats,Cats,Cats,Cats,Cats,Cats,Cats,,,,,,,,,,,,,,,,,,,,,,,,,,,,,,
1609.jpg,Cats,Dogs,Cats,Cats,Cats,Cats,Cats,Cats,Cats,,,,,,,,,,,,,,,,,,,,,,,,,,,,,,
1610.jpg,Cats,Cats,Cats,Cats,Cats,Cats,Cats,Cats,Cats,,,,,,,,,,,,,,,,,,,,,,,,,,,,,,
1611.jpg,Cats,Cats,Cats,Cats,Cats,Cats,Cats,Cats,Cats,,,,,,,,,,,,,,,,,,,,,,,,,,,,,,
1612.jpg,Cats,Dogs,Cats,Cats,Cats,Cats,Cats,Dogs,Cats,,,,,,,,,,,,,,,,,,,,,,,,,,,,,,
1613.jpg,Cats,Cats,Cats,Cats,Cats,Cats,Cats,Cats,Cats,,,,,,,,,,,,,,,,,,,,,,,,,,,,,,
1614.jpg,Cats,Dogs,Dogs,Cats,Cats,Cats,Cats,Cats,Cats,,,,,,,,,,,,,,,,,,,,,,,,,,,,,,
1615.jpg,Cats,Dogs,Dogs,Cats,Cats,Cats,Cats,Cats,Cats,,,,,,,,,,,,,,,,,,,,,,,,,,,,,,
1616.jpg,Cats,Cats,Cats,Cats,Cats,Cats,Cats,Cats,Cats,,,,,,,,,,,,,,,,,,,,,,,,,,,,,,
1617.jpg,Cats,Cats,Cats,Cats,Cats,Cats,Cats,Cats,Cats,,,,,,,,,,,,,,,,,,,,,,,,,,,,,,
1618.jpg,Cats,Cats,Cats,Cats,Cats,Cats,Cats,Cats,Cats,,,,,,,,,,,,,,,,,,,,,,,,,,,,,,
1619.jpg,Cats,Cats,Dogs,Cats,Cats,Cats,Cats,Cats,Cats,,,,,,,,,,,,,,,,,,,,,,,,,,,,,,
1620.jpg,Cats,Cats,Cats,Cats,Cats,Cats,Cats,Cats,Cats,,,,,,,,,,,,,,,,,,,,,,,,,,,,,,
1621.jpg,Cats,Cats,Cats,Cats,Cats,Cats,Cats,Cats,Cats,,,,,,,,,,,,,,,,,,,,,,,,,,,,,,
1622.jpg,Cats,Cats,Cats,Cats,Cats,Cats,Cats,Dogs,Cats,,,,,,,,,,,,,,,,,,,,,,,,,,,,,,
1623.jpg,Cats,Dogs,Cats,Cats,Cats,Cats,Cats,Dogs,Cats,,,,,,,,,,,,,,,,,,,,,,,,,,,,,,
1624.jpg,Cats,Cats,Cats,Cats,Cats,Cats,Cats,Cats,Cats,,,,,,,,,,,,,,,,,,,,,,,,,,,,,,
1625.jpg,Cats,Cats,Cats,Cats,Cats,Cats,Cats,Cats,Cats,,,,,,,,,,,,,,,,,,,,,,,,,,,,,,
1626.jpg,Cats,Cats,Cats,Cats,Cats,Cats,Cats,Cats,Cats,,,,,,,,,,,,,,,,,,,,,,,,,,,,,,
1627.jpg,Cats,Dogs,Cats,Cats,Cats,Cats,Cats,Cats,Cats,,,,,,,,,,,,,,,,,,,,,,,,,,,,,,
1628.jpg,Cats,Cats,Cats,Cats,Cats,Cats,Cats,Cats,Cats,,,,,,,,,,,,,,,,,,,,,,,,,,,,,,
1629.jpg,Cats,Cats,Cats,Cats,Cats,Cats,Cats,Cats,Cats,,,,,,,,,,,,,,,,,,,,,,,,,,,,,,
1630.jpg,Cats,Cats,Dogs,Cats,Cats,Cats,Cats,Cats,Cats,,,,,,,,,,,,,,,,,,,,,,,,,,,,,,
1631.jpg,Cats,Cats,Cats,Cats,Cats,Cats,Cats,Cats,Cats,,,,,,,,,,,,,,,,,,,,,,,,,,,,,,
1632.jpg,Cats,Cats,Cats,Cats,Cats,Cats,Cats,Cats,Cats,,,,,,,,,,,,,,,,,,,,,,,,,,,,,,
1633.jpg,Cats,Cats,Cats,Cats,Dogs,Cats,Cats,Cats,Cats,,,,,,,,,,,,,,,,,,,,,,,,,,,,,,
1634.jpg,Cats,Dogs,Cats,Cats,Cats,Cats,Cats,Cats,Cats,,,,,,,,,,,,,,,,,,,,,,,,,,,,,,
1635.jpg,Cats,Cats,Cats,Cats,Cats,Cats,Cats,Cats,Cats,,,,,,,,,,,,,,,,,,,,,,,,,,,,,,
1636.jpg,Cats,Dogs,Dogs,Cats,Cats,Cats,Cats,Cats,Cats,,,,,,,,,,,,,,,,,,,,,,,,,,,,,,
1637.jpg,Cats,Dogs,Cats,Cats,Cats,Cats,Cats,Cats,Cats,,,,,,,,,,,,,,,,,,,,,,,,,,,,,,
1638.jpg,Cats,Cats,Cats,Cats,Cats,Cats,Cats,Cats,Cats,,,,,,,,,,,,,,,,,,,,,,,,,,,,,,
1639.jpg,Cats,Cats,Cats,Cats,Cats,Cats,Cats,Cats,Cats,,,,,,,,,,,,,,,,,,,,,,,,,,,,,,
1640.jpg,Cats,Dogs,Dogs,Cats,Cats,Cats,Cats,Cats,Cats,,,,,,,,,,,,,,,,,,,,,,,,,,,,,,
1641.jpg,Cats,Dogs,Dogs,Cats,Cats,Cats,Cats,Cats,Cats,,,,,,,,,,,,,,,,,,,,,,,,,,,,,,
1642.jpg,Cats,Dogs,Cats,Dogs,Cats,Cats,Cats,Cats,Cats,,,,,,,,,,,,,,,,,,,,,,,,,,,,,,
1643.jpg,Cats,Dogs,Cats,Dogs,Cats,Cats,Cats,Cats,Cats,,,,,,,,,,,,,,,,,,,,,,,,,,,,,,
1644.jpg,Cats,Cats,Dogs,Dogs,Cats,Cats,Cats,Cats,Cats,,,,,,,,,,,,,,,,,,,,,,,,,,,,,,
1645.jpg,Cats,Cats,Cats,Cats,Cats,Cats,Cats,Cats,Cats,,,,,,,,,,,,,,,,,,,,,,,,,,,,,,
1646.jpg,Cats,Dogs,Cats,Cats,Cats,Cats,Cats,Cats,Cats,,,,,,,,,,,,,,,,,,,,,,,,,,,,,,
1647.jpg,Cats,Cats,Cats,Cats,Cats,Cats,Cats,Cats,Cats,,,,,,,,,,,,,,,,,,,,,,,,,,,,,,
1650.jpg,Cats,Dogs,Cats,Cats,Cats,Cats,Cats,Cats,Cats,,,,,,,,,,,,,,,,,,,,,,,,,,,,,,
1651.jpg,Cats,Dogs,Cats,Cats,Cats,Cats,Cats,Cats,Cats,,,,,,,,,,,,,,,,,,,,,,,,,,,,,,
1652.jpg,Cats,Cats,Cats,Cats,Cats,Cats,Cats,Cats,Cats,,,,,,,,,,,,,,,,,,,,,,,,,,,,,,
1653.jpg,Cats,Cats,Cats,Cats,Cats,Cats,Cats,Cats,Cats,,,,,,,,,,,,,,,,,,,,,,,,,,,,,,
1654.jpg,Cats,Cats,Cats,Cats,Cats,Cats,Cats,Cats,Cats,,,,,,,,,,,,,,,,,,,,,,,,,,,,,,
1655.jpg,Cats,Cats,Cats,Cats,Cats,Cats,Cats,Cats,Cats,,,,,,,,,,,,,,,,,,,,,,,,,,,,,,
1656.jpg,Cats,Dogs,Cats,Cats,Cats,Cats,Cats,Cats,Cats,,,,,,,,,,,,,,,,,,,,,,,,,,,,,,
1657.jpg,Cats,Dogs,Cats,Dogs,Cats,Cats,Cats,Cats,Cats,,,,,,,,,,,,,,,,,,,,,,,,,,,,,,
1658.jpg,Cats,Cats,Cats,Cats,Cats,Cats,Cats,Cats,Cats,,,,,,,,,,,,,,,,,,,,,,,,,,,,,,
1659.jpg,Cats,Cats,Cats,Cats,Cats,Cats,Cats,Cats,Cats,,,,,,,,,,,,,,,,,,,,,,,,,,,,,,
1660.jpg,Cats,Cats,Cats,Cats,Cats,Cats,Cats,Cats,Cats,,,,,,,,,,,,,,,,,,,,,,,,,,,,,,
1661.jpg,Cats,Dogs,Cats,Cats,Cats,Cats,Cats,Cats,Cats,,,,,,,,,,,,,,,,,,,,,,,,,,,,,,
1662.jpg,Cats,Dogs,Cats,Cats,Cats,Cats,Cats,Cats,Cats,,,,,,,,,,,,,,,,,,,,,,,,,,,,,,
1663.jpg,Cats,Cats,Cats,Cats,Cats,Cats,Cats,Cats,Cats,,,,,,,,,,,,,,,,,,,,,,,,,,,,,,
1664.jpg,Cats,Cats,Cats,Cats,Cats,Cats,Cats,Cats,Cats,,,,,,,,,,,,,,,,,,,,,,,,,,,,,,
1665.jpg,Cats,Cats,Cats,Cats,Cats,Cats,Cats,Cats,Cats,,,,,,,,,,,,,,,,,,,,,,,,,,,,,,
1666.jpg,Cats,Cats,Dogs,Cats,Cats,Cats,Cats,Cats,Cats,,,,,,,,,,,,,,,,,,,,,,,,,,,,,,
1667.jpg,Cats,Cats,Cats,Cats,Cats,Cats,Cats,Cats,Cats,,,,,,,,,,,,,,,,,,,,,,,,,,,,,,
1668.jpg,Cats,Cats,Cats,Cats,Cats,Cats,Cats,Cats,Cats,,,,,,,,,,,,,,,,,,,,,,,,,,,,,,
1669.jpg,Cats,Cats,Cats,Cats,Cats,Cats,Cats,Cats,Cats,,,,,,,,,,,,,,,,,,,,,,,,,,,,,,
1670.jpg,Cats,Cats,Cats,Cats,Dogs,Cats,Cats,Dogs,Cats,,,,,,,,,,,,,,,,,,,,,,,,,,,,,,
1671.jpg,Cats,Cats,Cats,Dogs,Dogs,Cats,Cats,Dogs,Cats,,,,,,,,,,,,,,,,,,,,,,,,,,,,,,
1672.jpg,Cats,Cats,Cats,Cats,Cats,Cats,Cats,Cats,Cats,,,,,,,,,,,,,,,,,,,,,,,,,,,,,,
1673.jpg,Cats,Dogs,Cats,Cats,Cats,Cats,Cats,Cats,Cats,,,,,,,,,,,,,,,,,,,,,,,,,,,,,,
1674.jpg,Cats,Dogs,Cats,Cats,Cats,Cats,Cats,Cats,Cats,,,,,,,,,,,,,,,,,,,,,,,,,,,,,,
1675.jpg,Cats,Dogs,Dogs,Cats,Cats,Cats,Cats,Cats,Cats,,,,,,,,,,,,,,,,,,,,,,,,,,,,,,
1676.jpg,Cats,Dogs,Cats,Cats,Cats,Cats,Cats,Cats,Cats,,,,,,,,,,,,,,,,,,,,,,,,,,,,,,
1677.jpg,Cats,Dogs,Cats,Cats,Cats,Cats,Cats,Cats,Cats,,,,,,,,,,,,,,,,,,,,,,,,,,,,,,
1678.jpg,Cats,Dogs,Cats,Cats,Cats,Cats,Cats,Cats,Cats,,,,,,,,,,,,,,,,,,,,,,,,,,,,,,
1679.jpg,Cats,Cats,Cats,Cats,Cats,Cats,Cats,Cats,Cats,,,,,,,,,,,,,,,,,,,,,,,,,,,,,,
1680.jpg,Cats,Cats,Dogs,Cats,Cats,Cats,Cats,Cats,Cats,,,,,,,,,,,,,,,,,,,,,,,,,,,,,,
1681.jpg,Cats,Cats,Dogs,Cats,Cats,Cats,Cats,Cats,Cats,,,,,,,,,,,,,,,,,,,,,,,,,,,,,,
1682.jpg,Cats,Cats,Cats,Cats,Cats,Cats,Cats,Cats,Cats,,,,,,,,,,,,,,,,,,,,,,,,,,,,,,
1683.jpg,Cats,Cats,Cats,Cats,Cats,Cats,Cats,Cats,Cats,,,,,,,,,,,,,,,,,,,,,,,,,,,,,,
1684.jpg,Cats,Cats,Cats,Cats,Cats,Cats,Cats,Cats,Cats,,,,,,,,,,,,,,,,,,,,,,,,,,,,,,
1685.jpg,Cats,Cats,Cats,Cats,Cats,Cats,Cats,Cats,Cats,,,,,,,,,,,,,,,,,,,,,,,,,,,,,,
1686.jpg,Cats,Cats,Cats,Cats,Cats,Cats,Cats,Cats,Cats,,,,,,,,,,,,,,,,,,,,,,,,,,,,,,
1687.jpg,Cats,Cats,Cats,Cats,Cats,Cats,Cats,Cats,Cats,,,,,,,,,,,,,,,,,,,,,,,,,,,,,,
1688.jpg,Cats,Cats,Cats,Cats,Cats,Cats,Cats,Cats,Cats,,,,,,,,,,,,,,,,,,,,,,,,,,,,,,
1689.jpg,Cats,Cats,Cats,Cats,Cats,Cats,Cats,Cats,Cats,,,,,,,,,,,,,,,,,,,,,,,,,,,,,,
1690.jpg,Cats,Cats,Cats,Cats,Cats,Cats,Cats,Cats,Cats,,,,,,,,,,,,,,,,,,,,,,,,,,,,,,
1691.jpg,Cats,Cats,Cats,Cats,Cats,Cats,Cats,Cats,Cats,,,,,,,,,,,,,,,,,,,,,,,,,,,,,,
1494.jpg,Dogs,Dogs,Dogs,Dogs,Dogs,Dogs,Dogs,Dogs,Dogs,,,,,,,,,,,,,,,,,,,,,,,,,,,,,,
1495.jpg,Dogs,Dogs,Dogs,Dogs,Dogs,Dogs,Dogs,Dogs,Dogs,,,,,,,,,,,,,,,,,,,,,,,,,,,,,,
1496.jpg,Dogs,Dogs,Dogs,Dogs,Dogs,Dogs,Dogs,Dogs,Dogs,,,,,,,,,,,,,,,,,,,,,,,,,,,,,,
1497.jpg,Dogs,Dogs,Dogs,Dogs,Dogs,Dogs,Dogs,Dogs,Dogs,,,,,,,,,,,,,,,,,,,,,,,,,,,,,,
1498.jpg,Dogs,Dogs,Dogs,Dogs,Dogs,Dogs,Dogs,Dogs,Dogs,,,,,,,,,,,,,,,,,,,,,,,,,,,,,,
1499.jpg,Dogs,Dogs,Cats,Dogs,Dogs,Dogs,Dogs,Dogs,Dogs,,,,,,,,,,,,,,,,,,,,,,,,,,,,,,
1500.jpg,Dogs,Dogs,Dogs,Dogs,Dogs,Dogs,Dogs,Dogs,Dogs,,,,,,,,,,,,,,,,,,,,,,,,,,,,,,
1501.jpg,Dogs,Dogs,Cats,Dogs,Dogs,Dogs,Dogs,Dogs,Dogs,,,,,,,,,,,,,,,,,,,,,,,,,,,,,,
1502.jpg,Dogs,Dogs,Dogs,Dogs,Dogs,Dogs,Dogs,Dogs,Dogs,,,,,,,,,,,,,,,,,,,,,,,,,,,,,,
1503.jpg,Dogs,Dogs,Dogs,Dogs,Dogs,Dogs,Dogs,Dogs,Dogs,,,,,,,,,,,,,,,,,,,,,,,,,,,,,,
1504.jpg,Dogs,Dogs,Cats,Dogs,Dogs,Dogs,Dogs,Dogs,Dogs,,,,,,,,,,,,,,,,,,,,,,,,,,,,,,
1505.jpg,Dogs,Dogs,Dogs,Dogs,Dogs,Dogs,Dogs,Dogs,Dogs,,,,,,,,,,,,,,,,,,,,,,,,,,,,,,
1506.jpg,Dogs,Dogs,Dogs,Dogs,Dogs,Dogs,Dogs,Dogs,Dogs,,,,,,,,,,,,,,,,,,,,,,,,,,,,,,
1507.jpg,Dogs,Dogs,Dogs,Dogs,Dogs,Dogs,Dogs,Dogs,Dogs,,,,,,,,,,,,,,,,,,,,,,,,,,,,,,
1508.jpg,Dogs,Dogs,Dogs,Dogs,Dogs,Dogs,Dogs,Dogs,Dogs,,,,,,,,,,,,,,,,,,,,,,,,,,,,,,
1509.jpg,Dogs,Dogs,Dogs,Dogs,Dogs,Dogs,Dogs,Dogs,Dogs,,,,,,,,,,,,,,,,,,,,,,,,,,,,,,
1510.jpg,Dogs,Dogs,Dogs,Dogs,Dogs,Dogs,Dogs,Dogs,Dogs,,,,,,,,,,,,,,,,,,,,,,,,,,,,,,
1511.jpg,Dogs,Dogs,Dogs,Dogs,Dogs,Dogs,Dogs,Dogs,Dogs,,,,,,,,,,,,,,,,,,,,,,,,,,,,,,
1512.jpg,Dogs,Dogs,Dogs,Dogs,Dogs,Dogs,Dogs,Dogs,Dogs,,,,,,,,,,,,,,,,,,,,,,,,,,,,,,
1513.jpg,Dogs,Dogs,Dogs,Dogs,Dogs,Dogs,Dogs,Dogs,Dogs,,,,,,,,,,,,,,,,,,,,,,,,,,,,,,
1514.jpg,Dogs,Dogs,Dogs,Dogs,Dogs,Dogs,Dogs,Dogs,Dogs,,,,,,,,,,,,,,,,,,,,,,,,,,,,,,
1515.jpg,Dogs,Dogs,Dogs,Dogs,Dogs,Dogs,Dogs,Dogs,Dogs,,,,,,,,,,,,,,,,,,,,,,,,,,,,,,
1516.jpg,Dogs,Dogs,Dogs,Dogs,Dogs,Dogs,Dogs,Dogs,Dogs,,,,,,,,,,,,,,,,,,,,,,,,,,,,,,
1517.jpg,Dogs,Dogs,Dogs,Dogs,Dogs,Dogs,Dogs,Dogs,Dogs,,,,,,,,,,,,,,,,,,,,,,,,,,,,,,
1518.jpg,Dogs,Dogs,Dogs,Dogs,Dogs,Dogs,Dogs,Dogs,Dogs,,,,,,,,,,,,,,,,,,,,,,,,,,,,,,
1519.jpg,Dogs,Dogs,Dogs,Dogs,Dogs,Dogs,Dogs,Dogs,Dogs,,,,,,,,,,,,,,,,,,,,,,,,,,,,,,
1520.jpg,Dogs,Dogs,Dogs,Dogs,Dogs,Dogs,Dogs,Dogs,Dogs,,,,,,,,,,,,,,,,,,,,,,,,,,,,,,
1521.jpg,Dogs,Dogs,Dogs,Dogs,Dogs,Dogs,Dogs,Dogs,Dogs,,,,,,,,,,,,,,,,,,,,,,,,,,,,,,
1522.jpg,Dogs,Dogs,Dogs,Dogs,Dogs,Dogs,Dogs,Dogs,Dogs,,,,,,,,,,,,,,,,,,,,,,,,,,,,,,
1523.jpg,Dogs,Dogs,Dogs,Dogs,Dogs,Dogs,Dogs,Dogs,Dogs,,,,,,,,,,,,,,,,,,,,,,,,,,,,,,
1524.jpg,Dogs,Dogs,Dogs,Dogs,Dogs,Dogs,Dogs,Dogs,Dogs,,,,,,,,,,,,,,,,,,,,,,,,,,,,,,
1525.jpg,Dogs,Dogs,Dogs,Dogs,Dogs,Dogs,Dogs,Dogs,Dogs,,,,,,,,,,,,,,,,,,,,,,,,,,,,,,
1526.jpg,Dogs,Cats,Dogs,Dogs,Dogs,Dogs,Dogs,Dogs,Dogs,,,,,,,,,,,,,,,,,,,,,,,,,,,,,,
1527.jpg,Dogs,Dogs,Cats,Dogs,Dogs,Dogs,Dogs,Dogs,Dogs,,,,,,,,,,,,,,,,,,,,,,,,,,,,,,
1528.jpg,Dogs,Dogs,Dogs,Dogs,Dogs,Dogs,Dogs,Dogs,Dogs,,,,,,,,,,,,,,,,,,,,,,,,,,,,,,
1529.jpg,Dogs,Dogs,Dogs,Dogs,Dogs,Dogs,Dogs,Dogs,Dogs,,,,,,,,,,,,,,,,,,,,,,,,,,,,,,
1530.jpg,Dogs,Dogs,Dogs,Dogs,Dogs,Dogs,Dogs,Dogs,Dogs,,,,,,,,,,,,,,,,,,,,,,,,,,,,,,
1531.jpg,Dogs,Dogs,Dogs,Dogs,Dogs,Dogs,Dogs,Dogs,Dogs,,,,,,,,,,,,,,,,,,,,,,,,,,,,,,
1532.jpg,Dogs,Dogs,Dogs,Dogs,Dogs,Dogs,Dogs,Dogs,Dogs,,,,,,,,,,,,,,,,,,,,,,,,,,,,,,
1533.jpg,Dogs,Dogs,Dogs,Dogs,Dogs,Dogs,Dogs,Dogs,Dogs,,,,,,,,,,,,,,,,,,,,,,,,,,,,,,
1534.jpg,Dogs,Dogs,Dogs,Dogs,Dogs,Dogs,Dogs,Dogs,Dogs,,,,,,,,,,,,,,,,,,,,,,,,,,,,,,
1535.jpg,Dogs,Dogs,Dogs,Dogs,Dogs,Dogs,Dogs,Dogs,Dogs,,,,,,,,,,,,,,,,,,,,,,,,,,,,,,
1536.jpg,Dogs,Dogs,Dogs,Dogs,Dogs,Dogs,Dogs,Dogs,Dogs,,,,,,,,,,,,,,,,,,,,,,,,,,,,,,
1537.jpg,Dogs,Dogs,Dogs,Dogs,Dogs,Dogs,Dogs,Dogs,Dogs,,,,,,,,,,,,,,,,,,,,,,,,,,,,,,
1538.jpg,Dogs,Dogs,Cats,Dogs,Dogs,Dogs,Dogs,Dogs,Dogs,,,,,,,,,,,,,,,,,,,,,,,,,,,,,,
1539.jpg,Dogs,Dogs,Dogs,Dogs,Dogs,Dogs,Dogs,Dogs,Dogs,,,,,,,,,,,,,,,,,,,,,,,,,,,,,,
1540.jpg,Dogs,Dogs,Dogs,Dogs,Dogs,Dogs,Dogs,Dogs,Dogs,,,,,,,,,,,,,,,,,,,,,,,,,,,,,,
1541.jpg,Dogs,Dogs,Dogs,Dogs,Dogs,Dogs,Dogs,Dogs,Dogs,,,,,,,,,,,,,,,,,,,,,,,,,,,,,,
1542.jpg,Dogs,Dogs,Dogs,Dogs,Dogs,Dogs,Dogs,Dogs,Dogs,,,,,,,,,,,,,,,,,,,,,,,,,,,,,,
1543.jpg,Dogs,Dogs,Dogs,Dogs,Dogs,Dogs,Dogs,Dogs,Dogs,,,,,,,,,,,,,,,,,,,,,,,,,,,,,,
1544.jpg,Dogs,Dogs,Dogs,Dogs,Dogs,Dogs,Dogs,Dogs,Dogs,,,,,,,,,,,,,,,,,,,,,,,,,,,,,,
1545.jpg,Dogs,Dogs,Dogs,Dogs,Dogs,Dogs,Dogs,Dogs,Dogs,,,,,,,,,,,,,,,,,,,,,,,,,,,,,,
1546.jpg,Dogs,Dogs,Dogs,Dogs,Dogs,Dogs,Dogs,Dogs,Dogs,,,,,,,,,,,,,,,,,,,,,,,,,,,,,,
1547.jpg,Dogs,Dogs,Dogs,Dogs,Dogs,Dogs,Dogs,Dogs,Dogs,,,,,,,,,,,,,,,,,,,,,,,,,,,,,,
1548.jpg,Dogs,Dogs,Dogs,Dogs,Dogs,Dogs,Dogs,Dogs,Dogs,,,,,,,,,,,,,,,,,,,,,,,,,,,,,,
1549.jpg,Dogs,Dogs,Dogs,Dogs,Dogs,Dogs,Dogs,Dogs,Dogs,,,,,,,,,,,,,,,,,,,,,,,,,,,,,,
1550.jpg,Dogs,Dogs,Dogs,Dogs,Dogs,Dogs,Dogs,Dogs,Dogs,,,,,,,,,,,,,,,,,,,,,,,,,,,,,,
1551.jpg,Dogs,Dogs,Dogs,Dogs,Dogs,Dogs,Dogs,Dogs,Dogs,,,,,,,,,,,,,,,,,,,,,,,,,,,,,,
1552.jpg,Dogs,Dogs,Dogs,Dogs,Dogs,Dogs,Dogs,Dogs,Dogs,,,,,,,,,,,,,,,,,,,,,,,,,,,,,,
1553.jpg,Dogs,Dogs,Dogs,Dogs,Dogs,Dogs,Dogs,Dogs,Dogs,,,,,,,,,,,,,,,,,,,,,,,,,,,,,,
1554.jpg,Dogs,Dogs,Dogs,Dogs,Dogs,Dogs,Dogs,Dogs,Dogs,,,,,,,,,,,,,,,,,,,,,,,,,,,,,,
1555.jpg,Dogs,Dogs,Dogs,Dogs,Dogs,Dogs,Dogs,Dogs,Dogs,,,,,,,,,,,,,,,,,,,,,,,,,,,,,,
1556.jpg,Dogs,Dogs,Dogs,Dogs,Dogs,Dogs,Dogs,Dogs,Dogs,,,,,,,,,,,,,,,,,,,,,,,,,,,,,,
1557.jpg,Dogs,Dogs,Dogs,Dogs,Dogs,Dogs,Dogs,Dogs,Dogs,,,,,,,,,,,,,,,,,,,,,,,,,,,,,,
1558.jpg,Dogs,Dogs,Dogs,Dogs,Dogs,Dogs,Dogs,Dogs,Dogs,,,,,,,,,,,,,,,,,,,,,,,,,,,,,,
1559.jpg,Dogs,Dogs,Dogs,Dogs,Dogs,Dogs,Dogs,Dogs,Dogs,,,,,,,,,,,,,,,,,,,,,,,,,,,,,,
1560.jpg,Dogs,Dogs,Dogs,Dogs,Dogs,Dogs,Dogs,Dogs,Dogs,,,,,,,,,,,,,,,,,,,,,,,,,,,,,,
1561.jpg,Dogs,Dogs,Dogs,Dogs,Dogs,Dogs,Dogs,Dogs,Dogs,,,,,,,,,,,,,,,,,,,,,,,,,,,,,,
1562.jpg,Dogs,Dogs,Dogs,Dogs,Dogs,Dogs,Dogs,Dogs,Dogs,,,,,,,,,,,,,,,,,,,,,,,,,,,,,,
1563.jpg,Dogs,Dogs,Dogs,Dogs,Dogs,Dogs,Dogs,Dogs,Dogs,,,,,,,,,,,,,,,,,,,,,,,,,,,,,,
1564.jpg,Dogs,Dogs,Dogs,Dogs,Dogs,Dogs,Dogs,Dogs,Dogs,,,,,,,,,,,,,,,,,,,,,,,,,,,,,,
1565.jpg,Dogs,Dogs,Dogs,Dogs,Dogs,Dogs,Dogs,Dogs,Dogs,,,,,,,,,,,,,,,,,,,,,,,,,,,,,,
1566.jpg,Dogs,Dogs,Dogs,Dogs,Dogs,Dogs,Dogs,Dogs,Dogs,,,,,,,,,,,,,,,,,,,,,,,,,,,,,,
1567.jpg,Dogs,Dogs,Dogs,Dogs,Dogs,Dogs,Dogs,Dogs,Dogs,,,,,,,,,,,,,,,,,,,,,,,,,,,,,,
1568.jpg,Dogs,Dogs,Cats,Dogs,Dogs,Dogs,Dogs,Dogs,Dogs,,,,,,,,,,,,,,,,,,,,,,,,,,,,,,
1569.jpg,Dogs,Dogs,Dogs,Dogs,Dogs,Dogs,Dogs,Dogs,Dogs,,,,,,,,,,,,,,,,,,,,,,,,,,,,,,
1570.jpg,Dogs,Dogs,Dogs,Dogs,Dogs,Dogs,Dogs,Dogs,Dogs,,,,,,,,,,,,,,,,,,,,,,,,,,,,,,
1571.jpg,Dogs,Dogs,Dogs,Dogs,Dogs,Dogs,Dogs,Dogs,Dogs,,,,,,,,,,,,,,,,,,,,,,,,,,,,,,
1572.jpg,Dogs,Dogs,Dogs,Dogs,Dogs,Dogs,Dogs,Dogs,Dogs,,,,,,,,,,,,,,,,,,,,,,,,,,,,,,
1573.jpg,Dogs,Dogs,Dogs,Dogs,Dogs,Dogs,Dogs,Dogs,Dogs,,,,,,,,,,,,,,,,,,,,,,,,,,,,,,
1574.jpg,Dogs,Dogs,Dogs,Dogs,Dogs,Dogs,Dogs,Dogs,Dogs,,,,,,,,,,,,,,,,,,,,,,,,,,,,,,
1575.jpg,Dogs,Dogs,Dogs,Dogs,Dogs,Dogs,Dogs,Dogs,Dogs,,,,,,,,,,,,,,,,,,,,,,,,,,,,,,
1576.jpg,Dogs,Dogs,Dogs,Dogs,Dogs,Dogs,Dogs,Dogs,Dogs,,,,,,,,,,,,,,,,,,,,,,,,,,,,,,
1577.jpg,Dogs,Dogs,Dogs,Dogs,Dogs,Dogs,Dogs,Dogs,Dogs,,,,,,,,,,,,,,,,,,,,,,,,,,,,,,
1578.jpg,Dogs,Dogs,Dogs,Dogs,Dogs,Dogs,Dogs,Dogs,Dogs,,,,,,,,,,,,,,,,,,,,,,,,,,,,,,
1579.jpg,Dogs,Dogs,Dogs,Dogs,Dogs,Dogs,Dogs,Dogs,Dogs,,,,,,,,,,,,,,,,,,,,,,,,,,,,,,
1580.jpg,Dogs,Dogs,Dogs,Dogs,Dogs,Dogs,Dogs,Dogs,Dogs,,,,,,,,,,,,,,,,,,,,,,,,,,,,,,
1581.jpg,Dogs,Dogs,Dogs,Dogs,Dogs,Dogs,Dogs,Dogs,Dogs,,,,,,,,,,,,,,,,,,,,,,,,,,,,,,
1582.jpg,Dogs,Dogs,Cats,Dogs,Dogs,Dogs,Dogs,Dogs,Dogs,,,,,,,,,,,,,,,,,,,,,,,,,,,,,,
1583.jpg,Dogs,Dogs,Dogs,Dogs,Dogs,Dogs,Dogs,Dogs,Dogs,,,,,,,,,,,,,,,,,,,,,,,,,,,,,,
1584.jpg,Dogs,Dogs,Cats,Dogs,Dogs,Dogs,Dogs,Dogs,Dogs,,,,,,,,,,,,,,,,,,,,,,,,,,,,,,
1585.jpg,Dogs,Dogs,Dogs,Dogs,Dogs,Dogs,Dogs,Dogs,Dogs,,,,,,,,,,,,,,,,,,,,,,,,,,,,,,
1586.jpg,Dogs,Dogs,Dogs,Dogs,Dogs,Dogs,Dogs,Dogs,Dogs,,,,,,,,,,,,,,,,,,,,,,,,,,,,,,
1587.jpg,Dogs,Dogs,Dogs,Dogs,Dogs,Dogs,Dogs,Dogs,Dogs,,,,,,,,,,,,,,,,,,,,,,,,,,,,,,
1588.jpg,Dogs,Dogs,Dogs,Dogs,Dogs,Dogs,Dogs,Dogs,Dogs,,,,,,,,,,,,,,,,,,,,,,,,,,,,,,
1589.jpg,Dogs,Dogs,Dogs,Dogs,Dogs,Dogs,Dogs,Dogs,Dogs,,,,,,,,,,,,,,,,,,,,,,,,,,,,,,
1590.jpg,Dogs,Dogs,Dogs,Dogs,Dogs,Dogs,Dogs,Dogs,Dogs,,,,,,,,,,,,,,,,,,,,,,,,,,,,,,
1591.jpg,Dogs,Dogs,Dogs,Dogs,Dogs,Dogs,Dogs,Dogs,Dogs,,,,,,,,,,,,,,,,,,,,,,,,,,,,,,
1592.jpg,Dogs,Dogs,Dogs,Dogs,Dogs,Dogs,Dogs,Dogs,Dogs,,,,,,,,,,,,,,,,,,,,,,,,,,,,,,
1593.jpg,Dogs,Dogs,Dogs,Dogs,Dogs,Dogs,Dogs,Dogs,Dogs,,,,,,,,,,,,,,,,,,,,,,,,,,,,,,
1594.jpg,Dogs,Dogs,Dogs,Dogs,Dogs,Dogs,Dogs,Dogs,Dogs,,,,,,,,,,,,,,,,,,,,,,,,,,,,,,
1595.jpg,Dogs,Dogs,Dogs,Dogs,Dogs,Dogs,Dogs,Dogs,Dogs,,,,,,,,,,,,,,,,,,,,,,,,,,,,,,
1596.jpg,Dogs,Dogs,Dogs,Dogs,Dogs,Dogs,Dogs,Dogs,Dogs,,,,,,,,,,,,,,,,,,,,,,,,,,,,,,
1597.jpg,Dogs,Dogs,Dogs,Dogs,Dogs,Dogs,Dogs,Dogs,Dogs,,,,,,,,,,,,,,,,,,,,,,,,,,,,,,
1598.jpg,Dogs,Dogs,Dogs,Dogs,Dogs,Dogs,Dogs,Dogs,Dogs,,,,,,,,,,,,,,,,,,,,,,,,,,,,,,
1599.jpg,Dogs,Dogs,Dogs,Dogs,Dogs,Dogs,Dogs,Dogs,Dogs,,,,,,,,,,,,,,,,,,,,,,,,,,,,,,
1600.jpg,Dogs,Dogs,Dogs,Dogs,Dogs,Dogs,Dogs,Dogs,Dogs,,,,,,,,,,,,,,,,,,,,,,,,,,,,,,
1601.jpg,Dogs,Dogs,Dogs,Dogs,Dogs,Dogs,Dogs,Dogs,Dogs,,,,,,,,,,,,,,,,,,,,,,,,,,,,,,
1602.jpg,Dogs,Dogs,Dogs,Dogs,Dogs,Dogs,Dogs,Dogs,Dogs,,,,,,,,,,,,,,,,,,,,,,,,,,,,,,
1603.jpg,Dogs,Dogs,Dogs,Dogs,Dogs,Dogs,Dogs,Dogs,Dogs,,,,,,,,,,,,,,,,,,,,,,,,,,,,,,
1604.jpg,Dogs,Dogs,Dogs,Dogs,Dogs,Dogs,Dogs,Dogs,Dogs,,,,,,,,,,,,,,,,,,,,,,,,,,,,,,
1605.jpg,Dogs,Dogs,Dogs,Dogs,Dogs,Dogs,Dogs,Dogs,Dogs,,,,,,,,,,,,,,,,,,,,,,,,,,,,,,
1606.jpg,Dogs,Dogs,Dogs,Dogs,Dogs,Dogs,Dogs,Dogs,Dogs,,,,,,,,,,,,,,,,,,,,,,,,,,,,,,
1607.jpg,Dogs,Dogs,Dogs,Dogs,Dogs,Dogs,Dogs,Dogs,Dogs,,,,,,,,,,,,,,,,,,,,,,,,,,,,,,
1608.jpg,Dogs,Dogs,Cats,Dogs,Dogs,Dogs,Dogs,Dogs,Dogs,,,,,,,,,,,,,,,,,,,,,,,,,,,,,,
1609.jpg,Dogs,Dogs,Cats,Dogs,Dogs,Dogs,Dogs,Dogs,Dogs,,,,,,,,,,,,,,,,,,,,,,,,,,,,,,
1610.jpg,Dogs,Dogs,Dogs,Dogs,Dogs,Dogs,Dogs,Dogs,Dogs,,,,,,,,,,,,,,,,,,,,,,,,,,,,,,
1611.jpg,Dogs,Dogs,Dogs,Dogs,Dogs,Dogs,Dogs,Dogs,Dogs,,,,,,,,,,,,,,,,,,,,,,,,,,,,,,
1612.jpg,Dogs,Dogs,Dogs,Dogs,Dogs,Dogs,Dogs,Dogs,Dogs,,,,,,,,,,,,,,,,,,,,,,,,,,,,,,
1613.jpg,Dogs,Dogs,Dogs,Dogs,Dogs,Dogs,Dogs,Dogs,Dogs,,,,,,,,,,,,,,,,,,,,,,,,,,,,,,
1614.jpg,Dogs,Dogs,Cats,Dogs,Dogs,Dogs,Dogs,Dogs,Dogs,,,,,,,,,,,,,,,,,,,,,,,,,,,,,,
1615.jpg,Dogs,Dogs,Dogs,Dogs,Dogs,Dogs,Dogs,Dogs,Dogs,,,,,,,,,,,,,,,,,,,,,,,,,,,,,,
1616.jpg,Dogs,Dogs,Dogs,Dogs,Dogs,Dogs,Dogs,Dogs,Dogs,,,,,,,,,,,,,,,,,,,,,,,,,,,,,,
1617.jpg,Dogs,Dogs,Dogs,Dogs,Dogs,Dogs,Dogs,Dogs,Dogs,,,,,,,,,,,,,,,,,,,,,,,,,,,,,,
1618.jpg,Dogs,Dogs,Dogs,Dogs,Dogs,Dogs,Dogs,Dogs,Dogs,,,,,,,,,,,,,,,,,,,,,,,,,,,,,,
1619.jpg,Dogs,Dogs,Dogs,Dogs,Dogs,Dogs,Dogs,Dogs,Dogs,,,,,,,,,,,,,,,,,,,,,,,,,,,,,,
1620.jpg,Dogs,Dogs,Dogs,Dogs,Dogs,Dogs,Dogs,Dogs,Dogs,,,,,,,,,,,,,,,,,,,,,,,,,,,,,,
1621.jpg,Dogs,Dogs,Dogs,Dogs,Dogs,Dogs,Dogs,Dogs,Dogs,,,,,,,,,,,,,,,,,,,,,,,,,,,,,,
1622.jpg,Dogs,Dogs,Dogs,Dogs,Dogs,Dogs,Dogs,Dogs,Dogs,,,,,,,,,,,,,,,,,,,,,,,,,,,,,,
1623.jpg,Dogs,Dogs,Dogs,Dogs,Dogs,Dogs,Dogs,Dogs,Dogs,,,,,,,,,,,,,,,,,,,,,,,,,,,,,,
1624.jpg,Dogs,Dogs,Cats,Dogs,Dogs,Dogs,Dogs,Dogs,Dogs,,,,,,,,,,,,,,,,,,,,,,,,,,,,,,
1625.jpg,Dogs,Dogs,Cats,Dogs,Dogs,Dogs,Dogs,Dogs,Dogs,,,,,,,,,,,,,,,,,,,,,,,,,,,,,,
1626.jpg,Dogs,Dogs,Cats,Dogs,Dogs,Dogs,Dogs,Dogs,Dogs,,,,,,,,,,,,,,,,,,,,,,,,,,,,,,
1627.jpg,Dogs,Dogs,Cats,Dogs,Dogs,Dogs,Dogs,Dogs,Dogs,,,,,,,,,,,,,,,,,,,,,,,,,,,,,,
1628.jpg,Dogs,Dogs,Dogs,Dogs,Dogs,Dogs,Dogs,Dogs,Dogs,,,,,,,,,,,,,,,,,,,,,,,,,,,,,,
1629.jpg,Dogs,Dogs,Cats,Dogs,Dogs,Dogs,Dogs,Dogs,Dogs,,,,,,,,,,,,,,,,,,,,,,,,,,,,,,
1630.jpg,Dogs,Dogs,Dogs,Dogs,Dogs,Dogs,Dogs,Dogs,Dogs,,,,,,,,,,,,,,,,,,,,,,,,,,,,,,
1631.jpg,Dogs,Dogs,Dogs,Dogs,Dogs,Dogs,Dogs,Dogs,Dogs,,,,,,,,,,,,,,,,,,,,,,,,,,,,,,
1632.jpg,Dogs,Dogs,Dogs,Cats,Dogs,Cats,Dogs,Dogs,Dogs,,,,,,,,,,,,,,,,,,,,,,,,,,,,,,
1633.jpg,Dogs,Dogs,Dogs,Cats,Dogs,Cats,Dogs,Dogs,Dogs,,,,,,,,,,,,,,,,,,,,,,,,,,,,,,
1634.jpg,Dogs,Dogs,Dogs,Dogs,Dogs,Dogs,Dogs,Dogs,Dogs,,,,,,,,,,,,,,,,,,,,,,,,,,,,,,
1635.jpg,Dogs,Dogs,Dogs,Dogs,Dogs,Dogs,Dogs,Dogs,Dogs,,,,,,,,,,,,,,,,,,,,,,,,,,,,,,
1636.jpg,Dogs,Dogs,Dogs,Dogs,Dogs,Dogs,Dogs,Dogs,Dogs,,,,,,,,,,,,,,,,,,,,,,,,,,,,,,
1637.jpg,Dogs,Dogs,Dogs,Dogs,Dogs,Dogs,Dogs,Dogs,Dogs,,,,,,,,,,,,,,,,,,,,,,,,,,,,,,
1638.jpg,Dogs,Dogs,Dogs,Dogs,Dogs,Dogs,Dogs,Dogs,Dogs,,,,,,,,,,,,,,,,,,,,,,,,,,,,,,
1639.jpg,Dogs,Dogs,Dogs,Dogs,Dogs,Dogs,Dogs,Dogs,Dogs,,,,,,,,,,,,,,,,,,,,,,,,,,,,,,
1640.jpg,Dogs,Dogs,Dogs,Dogs,Dogs,Dogs,Dogs,Dogs,Dogs,,,,,,,,,,,,,,,,,,,,,,,,,,,,,,
1641.jpg,Dogs,Dogs,Dogs,Dogs,Dogs,Dogs,Dogs,Dogs,Dogs,,,,,,,,,,,,,,,,,,,,,,,,,,,,,,
1642.jpg,Dogs,Dogs,Dogs,Dogs,Dogs,Dogs,Dogs,Dogs,Dogs,,,,,,,,,,,,,,,,,,,,,,,,,,,,,,
1643.jpg,Dogs,Dogs,Dogs,Dogs,Dogs,Dogs,Dogs,Dogs,Dogs,,,,,,,,,,,,,,,,,,,,,,,,,,,,,,
1644.jpg,Dogs,Cats,Dogs,Dogs,Dogs,Dogs,Dogs,Dogs,Dogs,,,,,,,,,,,,,,,,,,,,,,,,,,,,,,
1645.jpg,Dogs,Cats,Dogs,Dogs,Dogs,Dogs,Dogs,Dogs,Dogs,,,,,,,,,,,,,,,,,,,,,,,,,,,,,,
1646.jpg,Dogs,Dogs,Dogs,Dogs,Dogs,Dogs,Dogs,Dogs,Dogs,,,,,,,,,,,,,,,,,,,,,,,,,,,,,,
1647.jpg,Dogs,Dogs,Dogs,Dogs,Dogs,Dogs,Dogs,Dogs,Dogs,,,,,,,,,,,,,,,,,,,,,,,,,,,,,,
1648.jpg,Dogs,Dogs,Dogs,Dogs,Dogs,Dogs,Dogs,Dogs,Dogs,,,,,,,,,,,,,,,,,,,,,,,,,,,,,,
1649.jpg,Dogs,Dogs,Dogs,Dogs,Dogs,Dogs,Dogs,Dogs,Dogs,,,,,,,,,,,,,,,,,,,,,,,,,,,,,,
1650.jpg,Dogs,Dogs,Dogs,Dogs,Dogs,Dogs,Dogs,Dogs,Dogs,,,,,,,,,,,,,,,,,,,,,,,,,,,,,,
1651.jpg,Dogs,Dogs,Dogs,Dogs,Dogs,Dogs,Dogs,Dogs,Dogs,,,,,,,,,,,,,,,,,,,,,,,,,,,,,,
1652.jpg,Dogs,Dogs,Dogs,Dogs,Dogs,Dogs,Dogs,Dogs,Dogs,,,,,,,,,,,,,,,,,,,,,,,,,,,,,,
1653.jpg,Dogs,Dogs,Dogs,Dogs,Dogs,Dogs,Dogs,Dogs,Dogs,,,,,,,,,,,,,,,,,,,,,,,,,,,,,,
1654.jpg,Dogs,Dogs,Dogs,Dogs,Dogs,Dogs,Dogs,Dogs,Dogs,,,,,,,,,,,,,,,,,,,,,,,,,,,,,,
1655.jpg,Dogs,Dogs,Dogs,Dogs,Dogs,Dogs,Dogs,Dogs,Dogs,,,,,,,,,,,,,,,,,,,,,,,,,,,,,,
1656.jpg,Dogs,Dogs,Dogs,Dogs,Dogs,Dogs,Dogs,Dogs,Dogs,,,,,,,,,,,,,,,,,,,,,,,,,,,,,,
1657.jpg,Dogs,Dogs,Dogs,Dogs,Dogs,Dogs,Dogs,Dogs,Dogs,,,,,,,,,,,,,,,,,,,,,,,,,,,,,,
1658.jpg,Dogs,Dogs,Dogs,Dogs,Dogs,Dogs,Dogs,Dogs,Dogs,,,,,,,,,,,,,,,,,,,,,,,,,,,,,,
1659.jpg,Dogs,Dogs,Dogs,Dogs,Dogs,Dogs,Dogs,Dogs,Dogs,,,,,,,,,,,,,,,,,,,,,,,,,,,,,,
F,I,N,A,L, ,M,O,D,E,L, ,A,C,C,U,R,A,C,Y,:, ,9,9,.,3,9,9,3,9,9,3,9,9,3,9,9,4, ,%
